,Model,NVARS,Parameters,Trn,Tst,OOT
0,log reg,10,penalty='none',0.608695652,0.671814672,0.251396648
1,log reg,10,penalty='none',0.632165605,0.634920635,0.346368715
2,log reg,10,penalty='none',0.6256,0.647058824,0.284916201
3,log reg,10,penalty='none',0.63592233,0.622137405,0.357541899
4,log reg,10,penalty='none',0.643086817,0.608527132,0.279329609
5,log reg,10,penalty='none',0.63117284,0.612068966,0.279329609
6,log reg,10,penalty='none',0.609477124,0.671641791,0.340782123
7,log reg,10,penalty='none',0.650641026,0.5859375,0.30726257
8,log reg,10,penalty='none',0.608280255,0.686507937,0.25698324
9,log reg,10,penalty='none',0.617845118,0.615384615,0.245810056
10,log reg,10,,0.627586207,0.64,0.301675978
11,log reg,10,,0.633914422,0.62248996,0.273743017
12,log reg,10,,0.633116883,0.628787879,0.340782123
13,log reg,10,,0.623355263,0.647058824,0.251396648
14,log reg,10,,0.634945398,0.631799163,0.379888268
15,log reg,10,,0.629139073,0.623188406,0.290502793
16,log reg,10,,0.631921824,0.620300752,0.25698324
17,log reg,10,,0.632,0.615686275,0.268156425
18,log reg,10,,0.631160572,0.625498008,0.335195531
19,log reg,10,,0.630363036,0.631386861,0.351955307
20,DT,10,min_impurity_decrease=5e-05,0.679549114,0.656370656,0.497206704
21,DT,10,min_impurity_decrease=5e-05,0.681518152,0.653284672,0.324022346
22,DT,10,min_impurity_decrease=5e-05,0.681818182,0.602272727,0.407821229
23,DT,10,min_impurity_decrease=5e-05,0.678797468,0.689516129,0.296089385
24,DT,10,min_impurity_decrease=5e-05,0.677577741,0.654275093,0.351955307
25,DT,10,min_impurity_decrease=5e-05,0.68627451,0.667910448,0.379888268
26,DT,10,min_impurity_decrease=5e-05,0.666139241,0.633064516,0.458100559
27,DT,10,min_impurity_decrease=5e-05,0.646381579,0.610294118,0.458100559
28,DT,10,min_impurity_decrease=5e-05,0.660287081,0.656126482,0.30726257
29,DT,10,min_impurity_decrease=5e-05,0.675324675,0.643939394,0.38547486
30,DT,10,min_impurity_decrease=3e-05,0.702265372,0.671755725,0.491620112
31,DT,10,min_impurity_decrease=3e-05,0.703349282,0.628458498,0.391061453
32,DT,10,min_impurity_decrease=3e-05,0.683006536,0.675373134,0.273743017
33,DT,10,min_impurity_decrease=3e-05,0.70178282,0.650190114,0.502793296
34,DT,10,min_impurity_decrease=3e-05,0.691297209,0.693726937,0.469273743
35,DT,10,min_impurity_decrease=3e-05,0.689236111,0.674342105,0.430167598
36,DT,10,min_impurity_decrease=3e-05,0.69004894,0.662921348,0.240223464
37,DT,10,min_impurity_decrease=3e-05,0.716108453,0.644268775,0.413407821
38,DT,10,min_impurity_decrease=3e-05,0.698051948,0.693181818,0.351955307
39,DT,10,min_impurity_decrease=3e-05,0.680645161,0.676923077,0.413407821
40,DT,10,min_impurity_decrease=2e-05,0.703821656,0.638888889,0.318435754
41,DT,10,min_impurity_decrease=2e-05,0.738095238,0.628,0.396648045
42,DT,10,min_impurity_decrease=2e-05,0.734094617,0.674157303,0.329608939
43,DT,10,min_impurity_decrease=2e-05,0.704809287,0.646209386,0.290502793
44,DT,10,min_impurity_decrease=2e-05,0.688958009,0.654008439,0.407821229
45,DT,10,min_impurity_decrease=2e-05,0.714975845,0.629343629,0.391061453
46,DT,10,min_impurity_decrease=2e-05,0.706362153,0.625468165,0.368715084
47,DT,10,min_impurity_decrease=2e-05,0.724473258,0.673003802,0.469273743
48,DT,10,min_impurity_decrease=2e-05,0.701954397,0.669172932,0.530726257
49,DT,10,min_impurity_decrease=2e-05,0.688709677,0.646153846,0.396648045
50,DT,10,min_impurity_decrease=1e-05,0.737421384,0.606557377,0.413407821
51,DT,10,min_impurity_decrease=1e-05,0.740863787,0.615107914,0.268156425
52,DT,10,min_impurity_decrease=1e-05,0.715946844,0.604316547,0.391061453
53,DT,10,min_impurity_decrease=1e-05,0.758039816,0.572687225,0.229050279
54,DT,10,min_impurity_decrease=1e-05,0.750803859,0.57751938,0.329608939
55,DT,10,min_impurity_decrease=1e-05,0.733660131,0.619402985,0.217877095
56,DT,10,min_impurity_decrease=1e-05,0.712643678,0.579335793,0.30726257
57,DT,10,min_impurity_decrease=1e-05,0.782051282,0.6171875,0.480446927
58,DT,10,min_impurity_decrease=1e-05,0.756622517,0.597826087,0.418994413
59,DT,10,min_impurity_decrease=1e-05,0.752079867,0.573476703,0.301675978
60,DT,10,min_impurity_decrease=2.5e-05,0.696574225,0.670411985,0.25698324
61,DT,10,min_impurity_decrease=2.5e-05,0.717355372,0.618181818,0.312849162
62,DT,10,min_impurity_decrease=2.5e-05,0.683006536,0.649253731,0.43575419
63,DT,10,min_impurity_decrease=2.5e-05,0.70519263,0.586572438,0.240223464
64,DT,10,min_impurity_decrease=2.5e-05,0.705107084,0.684981685,0.38547486
65,DT,10,min_impurity_decrease=2.5e-05,0.716887417,0.644927536,0.413407821
66,DT,10,min_impurity_decrease=2.5e-05,0.706467662,0.635379061,0.312849162
67,DT,10,min_impurity_decrease=2.5e-05,0.693574959,0.622710623,0.474860335
68,DT,10,min_impurity_decrease=2.5e-05,0.717791411,0.692982456,0.351955307
69,DT,10,min_impurity_decrease=2.5e-05,0.691927512,0.644688645,0.374301676
70,DT,10,min_impurity_decrease=3.5e-05,0.696141479,0.678294574,0.407821229
71,DT,10,min_impurity_decrease=3.5e-05,0.677631579,0.702205882,0.396648045
72,DT,10,min_impurity_decrease=3.5e-05,0.708201893,0.654471545,0.312849162
73,DT,10,min_impurity_decrease=3.5e-05,0.707936508,0.636,0.296089385
74,DT,10,min_impurity_decrease=3.5e-05,0.695721078,0.666666667,0.424581006
75,DT,10,min_impurity_decrease=3.5e-05,0.691588785,0.630252101,0.284916201
76,DT,10,min_impurity_decrease=3.5e-05,0.695867769,0.618181818,0.525139665
77,DT,10,min_impurity_decrease=3.5e-05,0.700483092,0.629343629,0.402234637
78,DT,10,min_impurity_decrease=3.5e-05,0.699356913,0.65503876,0.363128492
79,DT,10,min_impurity_decrease=3.5e-05,0.67721519,0.673387097,0.379888268
80,RF,10,"min_impurity_decrease=2e-05, n_estimators=20",0.778501629,0.729323308,0.519553073
81,RF,10,"min_impurity_decrease=2e-05, n_estimators=20",0.818330606,0.710037175,0.541899441
82,RF,10,"min_impurity_decrease=2e-05, n_estimators=20",0.807098765,0.754310345,0.525139665
83,RF,10,"min_impurity_decrease=2e-05, n_estimators=20",0.83252818,0.691119691,0.558659218
84,RF,10,"min_impurity_decrease=2e-05, n_estimators=20",0.790082645,0.727272727,0.530726257
85,RF,10,"min_impurity_decrease=2e-05, n_estimators=20",0.819645733,0.725868726,0.502793296
86,RF,10,"min_impurity_decrease=2e-05, n_estimators=20",0.794165316,0.798479087,0.569832402
87,RF,10,"min_impurity_decrease=2e-05, n_estimators=20",0.801626016,0.747169811,0.541899441
88,RF,10,"min_impurity_decrease=2e-05, n_estimators=20",0.788368336,0.754789272,0.547486034
89,RF,10,"min_impurity_decrease=2e-05, n_estimators=20",0.787928222,0.719101124,0.525139665
90,RF,10,"min_impurity_decrease=3e-05, min_samples_leaf=15, min_samples_split=30, n_estimators=20",0.752396166,0.75984252,0.547486034
91,RF,10,"min_impurity_decrease=3e-05, min_samples_leaf=15, min_samples_split=30, n_estimators=20",0.763422819,0.686619718,0.547486034
92,RF,10,"min_impurity_decrease=3e-05, min_samples_leaf=15, min_samples_split=30, n_estimators=20",0.738095238,0.705479452,0.553072626
93,RF,10,"min_impurity_decrease=3e-05, min_samples_leaf=15, min_samples_split=30, n_estimators=20",0.713607595,0.697580645,0.553072626
94,RF,10,"min_impurity_decrease=3e-05, min_samples_leaf=15, min_samples_split=30, n_estimators=20",0.753289474,0.669117647,0.508379888
95,RF,10,"min_impurity_decrease=3e-05, min_samples_leaf=15, min_samples_split=30, n_estimators=20",0.762360447,0.774703557,0.530726257
96,RF,10,"min_impurity_decrease=3e-05, min_samples_leaf=15, min_samples_split=30, n_estimators=20",0.778110945,0.737089202,0.530726257
97,RF,10,"min_impurity_decrease=3e-05, min_samples_leaf=15, min_samples_split=30, n_estimators=20",0.766505636,0.741312741,0.536312849
98,RF,10,"min_impurity_decrease=3e-05, min_samples_leaf=15, min_samples_split=30, n_estimators=20",0.76433121,0.718253968,0.547486034
99,RF,10,"min_impurity_decrease=3e-05, min_samples_leaf=15, min_samples_split=30, n_estimators=20",0.757024793,0.705454545,0.547486034
100,RF,10,"min_impurity_decrease=3e-05, min_samples_leaf=30, min_samples_split=60, n_estimators=20",0.74025974,0.727272727,0.541899441
101,RF,10,"min_impurity_decrease=3e-05, min_samples_leaf=30, min_samples_split=60, n_estimators=20",0.75462963,0.737068966,0.508379888
102,RF,10,"min_impurity_decrease=3e-05, min_samples_leaf=30, min_samples_split=60, n_estimators=20",0.748822606,0.75308642,0.575418994
103,RF,10,"min_impurity_decrease=3e-05, min_samples_leaf=30, min_samples_split=60, n_estimators=20",0.750397456,0.701195219,0.553072626
104,RF,10,"min_impurity_decrease=3e-05, min_samples_leaf=30, min_samples_split=60, n_estimators=20",0.750825083,0.718978102,0.56424581
105,RF,10,"min_impurity_decrease=3e-05, min_samples_leaf=30, min_samples_split=60, n_estimators=20",0.747524752,0.762773723,0.558659218
106,RF,10,"min_impurity_decrease=3e-05, min_samples_leaf=30, min_samples_split=60, n_estimators=20",0.763033175,0.712550607,0.553072626
107,RF,10,"min_impurity_decrease=3e-05, min_samples_leaf=30, min_samples_split=60, n_estimators=20",0.709415584,0.696969697,0.508379888
108,RF,10,"min_impurity_decrease=3e-05, min_samples_leaf=30, min_samples_split=60, n_estimators=20",0.744463373,0.682593857,0.558659218
109,RF,10,"min_impurity_decrease=3e-05, min_samples_leaf=30, min_samples_split=60, n_estimators=20",0.739903069,0.743295019,0.56424581
110,RF,10,"min_impurity_decrease=2e-05, min_samples_leaf=30, min_samples_split=60, n_estimators=20",0.743243243,0.756944444,0.553072626
111,RF,10,"min_impurity_decrease=2e-05, min_samples_leaf=30, min_samples_split=60, n_estimators=20",0.751219512,0.713207547,0.547486034
112,RF,10,"min_impurity_decrease=2e-05, min_samples_leaf=30, min_samples_split=60, n_estimators=20",0.751219512,0.769811321,0.56424581
113,RF,10,"min_impurity_decrease=2e-05, min_samples_leaf=30, min_samples_split=60, n_estimators=20",0.766666667,0.724,0.536312849
114,RF,10,"min_impurity_decrease=2e-05, min_samples_leaf=30, min_samples_split=60, n_estimators=20",0.778846154,0.72265625,0.51396648
115,RF,10,"min_impurity_decrease=2e-05, min_samples_leaf=30, min_samples_split=60, n_estimators=20",0.76119403,0.740072202,0.525139665
116,RF,10,"min_impurity_decrease=2e-05, min_samples_leaf=30, min_samples_split=60, n_estimators=20",0.734660033,0.725631769,0.541899441
117,RF,10,"min_impurity_decrease=2e-05, min_samples_leaf=30, min_samples_split=60, n_estimators=20",0.758389262,0.75,0.530726257
118,RF,10,"min_impurity_decrease=2e-05, min_samples_leaf=30, min_samples_split=60, n_estimators=20",0.767946578,0.747330961,0.56424581
119,RF,10,"min_impurity_decrease=2e-05, min_samples_leaf=30, min_samples_split=60, n_estimators=20",0.718309859,0.713692946,0.519553073
120,RF,10,"min_impurity_decrease=1e-05, min_samples_leaf=30, min_samples_split=60, n_estimators=20",0.796327212,0.722419929,0.569832402
121,RF,10,"min_impurity_decrease=1e-05, min_samples_leaf=30, min_samples_split=60, n_estimators=20",0.803571429,0.75,0.558659218
122,RF,10,"min_impurity_decrease=1e-05, min_samples_leaf=30, min_samples_split=60, n_estimators=20",0.763955343,0.790513834,0.547486034
123,RF,10,"min_impurity_decrease=1e-05, min_samples_leaf=30, min_samples_split=60, n_estimators=20",0.776025237,0.800813008,0.575418994
124,RF,10,"min_impurity_decrease=1e-05, min_samples_leaf=30, min_samples_split=60, n_estimators=20",0.764320786,0.773234201,0.541899441
125,RF,10,"min_impurity_decrease=1e-05, min_samples_leaf=30, min_samples_split=60, n_estimators=20",0.779050736,0.743494424,0.558659218
126,RF,10,"min_impurity_decrease=1e-05, min_samples_leaf=30, min_samples_split=60, n_estimators=20",0.781701445,0.743190661,0.519553073
127,RF,10,"min_impurity_decrease=1e-05, min_samples_leaf=30, min_samples_split=60, n_estimators=20",0.788429752,0.734545455,0.530726257
128,RF,10,"min_impurity_decrease=1e-05, min_samples_leaf=30, min_samples_split=60, n_estimators=20",0.773082942,0.763485477,0.536312849
129,RF,10,"min_impurity_decrease=1e-05, min_samples_leaf=30, min_samples_split=60, n_estimators=20",0.760450161,0.782945736,0.553072626
130,RF,10,"min_impurity_decrease=5e-06, min_samples_leaf=30, min_samples_split=60, n_estimators=20",0.800995025,0.750902527,0.525139665
131,RF,10,"min_impurity_decrease=5e-06, min_samples_leaf=30, min_samples_split=60, n_estimators=20",0.7752443,0.789473684,0.541899441
132,RF,10,"min_impurity_decrease=5e-06, min_samples_leaf=30, min_samples_split=60, n_estimators=20",0.804674457,0.743772242,0.480446927
133,RF,10,"min_impurity_decrease=5e-06, min_samples_leaf=30, min_samples_split=60, n_estimators=20",0.790923825,0.752851711,0.569832402
134,RF,10,"min_impurity_decrease=5e-06, min_samples_leaf=30, min_samples_split=60, n_estimators=20",0.785597381,0.802973978,0.536312849
135,RF,10,"min_impurity_decrease=5e-06, min_samples_leaf=30, min_samples_split=60, n_estimators=20",0.788309637,0.761133603,0.519553073
136,RF,10,"min_impurity_decrease=5e-06, min_samples_leaf=30, min_samples_split=60, n_estimators=20",0.799027553,0.74904943,0.56424581
137,RF,10,"min_impurity_decrease=5e-06, min_samples_leaf=30, min_samples_split=60, n_estimators=20",0.798373984,0.754716981,0.519553073
138,RF,10,"min_impurity_decrease=5e-06, min_samples_leaf=30, min_samples_split=60, n_estimators=20",0.800319489,0.736220472,0.519553073
139,RF,10,"min_impurity_decrease=5e-06, min_samples_leaf=30, min_samples_split=60, n_estimators=20",0.800643087,0.744186047,0.519553073
140,RF,10,"min_impurity_decrease=5e-06, min_samples_leaf=60, min_samples_split=120, n_estimators=20",0.766666667,0.74,0.541899441
141,RF,10,"min_impurity_decrease=5e-06, min_samples_leaf=60, min_samples_split=120, n_estimators=20",0.788395904,0.734693878,0.553072626
142,RF,10,"min_impurity_decrease=5e-06, min_samples_leaf=60, min_samples_split=120, n_estimators=20",0.755555556,0.73559322,0.558659218
143,RF,10,"min_impurity_decrease=5e-06, min_samples_leaf=60, min_samples_split=120, n_estimators=20",0.770670827,0.711297071,0.541899441
144,RF,10,"min_impurity_decrease=5e-06, min_samples_leaf=60, min_samples_split=120, n_estimators=20",0.779050736,0.743494424,0.56424581
145,RF,10,"min_impurity_decrease=5e-06, min_samples_leaf=60, min_samples_split=120, n_estimators=20",0.772727273,0.71969697,0.56424581
146,RF,10,"min_impurity_decrease=5e-06, min_samples_leaf=60, min_samples_split=120, n_estimators=20",0.767827529,0.76534296,0.56424581
147,RF,10,"min_impurity_decrease=5e-06, min_samples_leaf=60, min_samples_split=120, n_estimators=20",0.765780731,0.744604317,0.569832402
148,RF,10,"min_impurity_decrease=5e-06, min_samples_leaf=60, min_samples_split=120, n_estimators=20",0.7728,0.745098039,0.56424581
149,RF,10,"min_impurity_decrease=5e-06, min_samples_leaf=60, min_samples_split=120, n_estimators=20",0.786516854,0.700389105,0.56424581
150,RF,10,"min_impurity_decrease=1e-05, min_samples_leaf=60, min_samples_split=120, n_estimators=20",0.76572327,0.733606557,0.553072626
151,RF,10,"min_impurity_decrease=1e-05, min_samples_leaf=60, min_samples_split=120, n_estimators=20",0.75732899,0.733082707,0.519553073
152,RF,10,"min_impurity_decrease=1e-05, min_samples_leaf=60, min_samples_split=120, n_estimators=20",0.743961353,0.733590734,0.530726257
153,RF,10,"min_impurity_decrease=1e-05, min_samples_leaf=60, min_samples_split=120, n_estimators=20",0.761589404,0.68115942,0.541899441
154,RF,10,"min_impurity_decrease=1e-05, min_samples_leaf=60, min_samples_split=120, n_estimators=20",0.773828756,0.731800766,0.547486034
155,RF,10,"min_impurity_decrease=1e-05, min_samples_leaf=60, min_samples_split=120, n_estimators=20",0.765853659,0.735849057,0.56424581
156,RF,10,"min_impurity_decrease=1e-05, min_samples_leaf=60, min_samples_split=120, n_estimators=20",0.759410802,0.706319703,0.553072626
157,RF,10,"min_impurity_decrease=1e-05, min_samples_leaf=60, min_samples_split=120, n_estimators=20",0.755443886,0.731448763,0.502793296
158,RF,10,"min_impurity_decrease=1e-05, min_samples_leaf=60, min_samples_split=120, n_estimators=20",0.7568438,0.764478764,0.575418994
159,RF,10,"min_impurity_decrease=1e-05, min_samples_leaf=60, min_samples_split=120, n_estimators=20",0.733974359,0.74609375,0.56424581
160,LGBM,10,min_split_gain=50,0.695299838,0.741444867,0.407821229
161,LGBM,10,min_split_gain=50,0.755033557,0.725352113,0.413407821
162,LGBM,10,min_split_gain=50,0.743464052,0.682835821,0.530726257
163,LGBM,10,min_split_gain=50,0.732704403,0.700819672,0.351955307
164,LGBM,10,min_split_gain=50,0.729372937,0.675182482,0.430167598
165,LGBM,10,min_split_gain=50,0.717206133,0.723549488,0.43575419
166,LGBM,10,min_split_gain=50,0.699675325,0.731060606,0.301675978
167,LGBM,10,min_split_gain=50,0.731270358,0.718045113,0.446927374
168,LGBM,10,min_split_gain=50,0.725040917,0.706319703,0.38547486
169,LGBM,10,min_split_gain=50,0.767326733,0.686131387,0.418994413
170,LGBM,10,min_split_gain=20,0.75931677,0.716101695,0.30726257
171,LGBM,10,min_split_gain=20,0.740983607,0.759259259,0.374301676
172,LGBM,10,min_split_gain=20,0.734693878,0.748971193,0.413407821
173,LGBM,10,min_split_gain=20,0.760262726,0.704797048,0.558659218
174,LGBM,10,min_split_gain=20,0.782270607,0.717299578,0.43575419
175,LGBM,10,min_split_gain=20,0.7744,0.674509804,0.48603352
176,LGBM,10,min_split_gain=20,0.765886288,0.712765957,0.43575419
177,LGBM,10,min_split_gain=20,0.764991896,0.760456274,0.43575419
178,LGBM,10,min_split_gain=20,0.781456954,0.721014493,0.368715084
179,LGBM,10,min_split_gain=20,0.757575758,0.76284585,0.424581006
180,LGBM,10,min_split_gain=10,0.804560261,0.714285714,0.424581006
181,LGBM,10,min_split_gain=10,0.782324059,0.739776952,0.430167598
182,LGBM,10,min_split_gain=10,0.800637959,0.723320158,0.446927374
183,LGBM,10,min_split_gain=10,0.789303079,0.775665399,0.48603352
184,LGBM,10,min_split_gain=10,0.794453507,0.745318352,0.43575419
185,LGBM,10,min_split_gain=10,0.796923077,0.791304348,0.469273743
186,LGBM,10,min_split_gain=10,0.796825397,0.692,0.43575419
187,LGBM,10,min_split_gain=10,0.8208,0.756862745,0.452513966
188,LGBM,10,min_split_gain=10,0.785150079,0.704453441,0.452513966
189,LGBM,10,min_split_gain=10,0.806239737,0.726937269,0.407821229
190,LGBM,10,"min_child_samples=500, min_split_gain=1",0.83902439,0.80754717,0.363128492
191,LGBM,10,"min_child_samples=500, min_split_gain=1",0.864238411,0.746376812,0.474860335
192,LGBM,10,"min_child_samples=500, min_split_gain=1",0.848287113,0.797752809,0.497206704
193,LGBM,10,"min_child_samples=500, min_split_gain=1",0.851729819,0.776556777,0.452513966
194,LGBM,10,"min_child_samples=500, min_split_gain=1",0.858319605,0.761904762,0.469273743
195,LGBM,10,"min_child_samples=500, min_split_gain=1",0.850722311,0.805447471,0.446927374
196,LGBM,10,"min_child_samples=500, min_split_gain=1",0.83518225,0.807228916,0.502793296
197,LGBM,10,"min_child_samples=500, min_split_gain=1",0.849918434,0.764044944,0.474860335
198,LGBM,10,"min_child_samples=500, min_split_gain=1",0.851851852,0.795366795,0.48603352
199,LGBM,10,"min_child_samples=500, min_split_gain=1",0.855946399,0.795053004,0.446927374
200,LGBM,10,"min_child_samples=1000, min_split_gain=1",0.823529412,0.764912281,0.458100559
201,LGBM,10,"min_child_samples=1000, min_split_gain=1",0.834920635,0.78,0.441340782
202,LGBM,10,"min_child_samples=1000, min_split_gain=1",0.825347759,0.798283262,0.446927374
203,LGBM,10,"min_child_samples=1000, min_split_gain=1",0.821138211,0.762264151,0.452513966
204,LGBM,10,"min_child_samples=1000, min_split_gain=1",0.821603928,0.784386617,0.441340782
205,LGBM,10,"min_child_samples=1000, min_split_gain=1",0.828756058,0.785440613,0.43575419
206,LGBM,10,"min_child_samples=1000, min_split_gain=1",0.823140496,0.778181818,0.430167598
207,LGBM,10,"min_child_samples=1000, min_split_gain=1",0.820634921,0.788,0.446927374
208,LGBM,10,"min_child_samples=1000, min_split_gain=1",0.825,0.775,0.430167598
209,LGBM,10,"min_child_samples=1000, min_split_gain=1",0.830894309,0.773584906,0.430167598
210,LGBM,10,"min_child_samples=1000, min_split_gain=5",0.794788274,0.718045113,0.413407821
211,LGBM,10,"min_child_samples=1000, min_split_gain=5",0.771986971,0.748120301,0.396648045
212,LGBM,10,"min_child_samples=1000, min_split_gain=5",0.738134206,0.743494424,0.407821229
213,LGBM,10,"min_child_samples=1000, min_split_gain=5",0.760586319,0.733082707,0.363128492
214,LGBM,10,"min_child_samples=1000, min_split_gain=5",0.784219002,0.694980695,0.407821229
215,LGBM,10,"min_child_samples=1000, min_split_gain=5",0.782467532,0.75,0.413407821
216,LGBM,10,"min_child_samples=1000, min_split_gain=5",0.757825371,0.725274725,0.38547486
217,LGBM,10,"min_child_samples=1000, min_split_gain=5",0.778512397,0.723636364,0.396648045
218,LGBM,10,"min_child_samples=1000, min_split_gain=5",0.775577558,0.744525547,0.402234637
219,LGBM,10,"min_child_samples=1000, min_split_gain=5",0.761589404,0.724637681,0.38547486
220,LGBM,10,"min_child_samples=500, min_split_gain=5",0.775080906,0.770992366,0.424581006
221,LGBM,10,"min_child_samples=500, min_split_gain=5",0.785478548,0.759124088,0.407821229
222,LGBM,10,"min_child_samples=500, min_split_gain=5",0.777777778,0.722021661,0.402234637
223,LGBM,10,"min_child_samples=500, min_split_gain=5",0.77,0.789285714,0.424581006
224,LGBM,10,"min_child_samples=500, min_split_gain=5",0.772292994,0.742063492,0.418994413
225,LGBM,10,"min_child_samples=500, min_split_gain=5",0.7824,0.784313725,0.43575419
226,LGBM,10,"min_child_samples=500, min_split_gain=5",0.794258373,0.782608696,0.418994413
227,LGBM,10,"min_child_samples=500, min_split_gain=5",0.798076923,0.73828125,0.396648045
228,LGBM,10,"min_child_samples=500, min_split_gain=5",0.78559464,0.752650177,0.418994413
229,LGBM,10,"min_child_samples=500, min_split_gain=5",0.788333333,0.717857143,0.480446927
230,LGBM,10,"min_child_samples=500, min_split_gain=1, n_estimators=10",0.748333333,0.728571429,0.413407821
231,LGBM,10,"min_child_samples=500, min_split_gain=1, n_estimators=10",0.768404908,0.675438596,0.402234637
232,LGBM,10,"min_child_samples=500, min_split_gain=1, n_estimators=10",0.7472,0.741176471,0.424581006
233,LGBM,10,"min_child_samples=500, min_split_gain=1, n_estimators=10",0.762987013,0.693181818,0.424581006
234,LGBM,10,"min_child_samples=500, min_split_gain=1, n_estimators=10",0.76461039,0.712121212,0.396648045
235,LGBM,10,"min_child_samples=500, min_split_gain=1, n_estimators=10",0.748427673,0.737704918,0.407821229
236,LGBM,10,"min_child_samples=500, min_split_gain=1, n_estimators=10",0.758508914,0.737642586,0.424581006
237,LGBM,10,"min_child_samples=500, min_split_gain=1, n_estimators=10",0.768115942,0.725868726,0.407821229
238,LGBM,10,"min_child_samples=500, min_split_gain=1, n_estimators=10",0.746434231,0.714859438,0.407821229
239,LGBM,10,"min_child_samples=500, min_split_gain=1, n_estimators=10",0.768982229,0.724137931,0.424581006
240,LGBM,10,"min_child_samples=500, min_split_gain=1, n_estimators=50, num_leaves=30",0.828711256,0.816479401,0.502793296
241,LGBM,10,"min_child_samples=500, min_split_gain=1, n_estimators=50, num_leaves=30",0.863414634,0.758490566,0.413407821
242,LGBM,10,"min_child_samples=500, min_split_gain=1, n_estimators=50, num_leaves=30",0.858766234,0.795454545,0.43575419
243,LGBM,10,"min_child_samples=500, min_split_gain=1, n_estimators=50, num_leaves=30",0.856198347,0.774545455,0.51396648
244,LGBM,10,"min_child_samples=500, min_split_gain=1, n_estimators=50, num_leaves=30",0.864433812,0.786561265,0.418994413
245,LGBM,10,"min_child_samples=500, min_split_gain=1, n_estimators=50, num_leaves=30",0.848932677,0.79704797,0.424581006
246,LGBM,10,"min_child_samples=500, min_split_gain=1, n_estimators=50, num_leaves=30",0.844221106,0.791519435,0.480446927
247,LGBM,10,"min_child_samples=500, min_split_gain=1, n_estimators=50, num_leaves=30",0.828333333,0.817857143,0.491620112
248,LGBM,10,"min_child_samples=500, min_split_gain=1, n_estimators=50, num_leaves=30",0.867528271,0.724137931,0.480446927
249,LGBM,10,"min_child_samples=500, min_split_gain=1, n_estimators=50, num_leaves=30",0.847933884,0.821818182,0.424581006
250,LGBM,10,"min_child_samples=500, min_split_gain=1, n_estimators=50, num_leaves=15",0.831125828,0.768115942,0.508379888
251,LGBM,10,"min_child_samples=500, min_split_gain=1, n_estimators=50, num_leaves=15",0.809294872,0.7734375,0.474860335
252,LGBM,10,"min_child_samples=500, min_split_gain=1, n_estimators=50, num_leaves=15",0.817307692,0.78515625,0.418994413
253,LGBM,10,"min_child_samples=500, min_split_gain=1, n_estimators=50, num_leaves=15",0.814754098,0.792592593,0.441340782
254,LGBM,10,"min_child_samples=500, min_split_gain=1, n_estimators=50, num_leaves=15",0.797029703,0.817518248,0.502793296
255,LGBM,10,"min_child_samples=500, min_split_gain=1, n_estimators=50, num_leaves=15",0.803986711,0.816546763,0.446927374
256,LGBM,10,"min_child_samples=500, min_split_gain=1, n_estimators=50, num_leaves=15",0.821086262,0.744094488,0.430167598
257,LGBM,10,"min_child_samples=500, min_split_gain=1, n_estimators=50, num_leaves=15",0.813356164,0.743243243,0.430167598
258,LGBM,10,"min_child_samples=500, min_split_gain=1, n_estimators=50, num_leaves=15",0.795379538,0.799270073,0.452513966
259,LGBM,10,"min_child_samples=500, min_split_gain=1, n_estimators=50, num_leaves=15",0.809917355,0.778181818,0.43575419
260,LGBM,10,"min_child_samples=500, min_split_gain=1, n_estimators=50, num_leaves=19",0.847790507,0.788104089,0.497206704
261,LGBM,10,"min_child_samples=500, min_split_gain=1, n_estimators=50, num_leaves=19",0.847039474,0.75,0.43575419
262,LGBM,10,"min_child_samples=500, min_split_gain=1, n_estimators=50, num_leaves=19",0.845906902,0.750972763,0.458100559
263,LGBM,10,"min_child_samples=500, min_split_gain=1, n_estimators=50, num_leaves=19",0.830033003,0.791970803,0.491620112
264,LGBM,10,"min_child_samples=500, min_split_gain=1, n_estimators=50, num_leaves=19",0.817152104,0.782442748,0.458100559
265,LGBM,10,"min_child_samples=500, min_split_gain=1, n_estimators=50, num_leaves=19",0.826224329,0.805668016,0.413407821
266,LGBM,10,"min_child_samples=500, min_split_gain=1, n_estimators=50, num_leaves=19",0.839805825,0.790076336,0.525139665
267,LGBM,10,"min_child_samples=500, min_split_gain=1, n_estimators=50, num_leaves=19",0.840871022,0.780918728,0.413407821
268,LGBM,10,"min_child_samples=500, min_split_gain=1, n_estimators=50, num_leaves=19",0.831730769,0.79296875,0.43575419
269,LGBM,10,"min_child_samples=500, min_split_gain=1, n_estimators=50, num_leaves=19",0.813771518,0.813278008,0.469273743
270,NN,10,"hidden_layer_sizes=(10, 10)",0.699186992,0.679245283,0.480446927
271,NN,10,"hidden_layer_sizes=(10, 10)",0.716150082,0.74906367,0.536312849
272,NN,10,"hidden_layer_sizes=(10, 10)",0.700813008,0.701886792,0.530726257
273,NN,10,"hidden_layer_sizes=(10, 10)",0.733438486,0.711382114,0.525139665
274,NN,10,"hidden_layer_sizes=(10, 10)",0.708401977,0.732600733,0.558659218
275,NN,10,"hidden_layer_sizes=(10, 10)",0.708053691,0.728873239,0.530726257
276,NN,10,"hidden_layer_sizes=(10, 10)",0.734527687,0.687969925,0.536312849
277,NN,10,"hidden_layer_sizes=(10, 10)",0.708688245,0.720136519,0.558659218
278,NN,10,"hidden_layer_sizes=(10, 10)",0.714049587,0.705454545,0.530726257
279,NN,10,"hidden_layer_sizes=(10, 10)",0.707472178,0.729083665,0.530726257
280,NN,10,"alpha=0.01, hidden_layer_sizes=(10, 10)",0.705787781,0.674418605,0.547486034
281,NN,10,"alpha=0.01, hidden_layer_sizes=(10, 10)",0.721231767,0.711026616,0.536312849
282,NN,10,"alpha=0.01, hidden_layer_sizes=(10, 10)",0.713584288,0.691449814,0.536312849
283,NN,10,"alpha=0.01, hidden_layer_sizes=(10, 10)",0.723370429,0.749003984,0.547486034
284,NN,10,"alpha=0.01, hidden_layer_sizes=(10, 10)",0.696969697,0.723776224,0.547486034
285,NN,10,"alpha=0.01, hidden_layer_sizes=(10, 10)",0.71009772,0.69924812,0.424581006
286,NN,10,"alpha=0.01, hidden_layer_sizes=(10, 10)",0.706924316,0.706563707,0.508379888
287,NN,10,"alpha=0.01, hidden_layer_sizes=(10, 10)",0.706375839,0.700704225,0.558659218
288,NN,10,"alpha=0.01, hidden_layer_sizes=(10, 10)",0.725490196,0.708955224,0.536312849
289,NN,10,"alpha=0.01, hidden_layer_sizes=(10, 10)",0.6912,0.733333333,0.541899441
290,NN,10,"alpha=0.01, hidden_layer_sizes=(15, 15), learning_rate_init=0.01",0.713166144,0.702479339,0.547486034
291,NN,10,"alpha=0.01, hidden_layer_sizes=(15, 15), learning_rate_init=0.01",0.713592233,0.72519084,0.553072626
292,NN,10,"alpha=0.01, hidden_layer_sizes=(15, 15), learning_rate_init=0.01",0.708196721,0.714814815,0.547486034
293,NN,10,"alpha=0.01, hidden_layer_sizes=(15, 15), learning_rate_init=0.01",0.732689211,0.671814672,0.541899441
294,NN,10,"alpha=0.01, hidden_layer_sizes=(15, 15), learning_rate_init=0.01",0.722488038,0.683794466,0.553072626
295,NN,10,"alpha=0.01, hidden_layer_sizes=(15, 15), learning_rate_init=0.01",0.72305141,0.685920578,0.547486034
296,NN,10,"alpha=0.01, hidden_layer_sizes=(15, 15), learning_rate_init=0.01",0.723809524,0.696,0.547486034
297,NN,10,"alpha=0.01, hidden_layer_sizes=(15, 15), learning_rate_init=0.01",0.734323432,0.704379562,0.56424581
298,NN,10,"alpha=0.01, hidden_layer_sizes=(15, 15), learning_rate_init=0.01",0.712662338,0.693181818,0.569832402
299,NN,10,"alpha=0.01, hidden_layer_sizes=(15, 15), learning_rate_init=0.01",0.712624585,0.744604317,0.558659218
300,NN,10,"hidden_layer_sizes=(20, 20)",0.72605042,0.726315789,0.56424581
301,NN,10,"hidden_layer_sizes=(20, 20)",0.725293132,0.766784452,0.497206704
302,NN,10,"hidden_layer_sizes=(20, 20)",0.75503876,0.69787234,0.525139665
303,NN,10,"hidden_layer_sizes=(20, 20)",0.758677686,0.694545455,0.48603352
304,NN,10,"hidden_layer_sizes=(20, 20)",0.738693467,0.752650177,0.569832402
305,NN,10,"hidden_layer_sizes=(20, 20)",0.732689211,0.752895753,0.525139665
306,NN,10,"hidden_layer_sizes=(20, 20)",0.773675762,0.708171206,0.368715084
307,NN,10,"hidden_layer_sizes=(20, 20)",0.784053156,0.690647482,0.48603352
308,NN,10,"hidden_layer_sizes=(20, 20)",0.723370429,0.737051793,0.43575419
309,NN,10,"hidden_layer_sizes=(20, 20)",0.766823161,0.709543568,0.547486034
310,NN,10,"hidden_layer_sizes=(10, 10)",0.727126806,0.6692607,0.547486034
311,NN,10,"hidden_layer_sizes=(10, 10)",0.681444992,0.697416974,0.508379888
312,NN,10,"hidden_layer_sizes=(10, 10)",0.730185497,0.724738676,0.536312849
313,NN,10,"hidden_layer_sizes=(10, 10)",0.711290323,0.684615385,0.558659218
314,NN,10,"hidden_layer_sizes=(10, 10)",0.699507389,0.719557196,0.541899441
315,NN,10,"hidden_layer_sizes=(10, 10)",0.723509934,0.717391304,0.558659218
316,NN,10,"hidden_layer_sizes=(10, 10)",0.703363914,0.703539823,0.525139665
317,NN,10,"hidden_layer_sizes=(10, 10)",0.711726384,0.718045113,0.48603352
318,NN,10,"hidden_layer_sizes=(10, 10)",0.713831479,0.721115538,0.541899441
319,NN,10,"hidden_layer_sizes=(10, 10)",0.707563025,0.740350877,0.463687151
320,NN,10,"hidden_layer_sizes=(15, 15)",0.735099338,0.702898551,0.452513966
321,NN,10,"hidden_layer_sizes=(15, 15)",0.747572816,0.709923664,0.508379888
322,NN,10,"hidden_layer_sizes=(15, 15)",0.72,0.685714286,0.56424581
323,NN,10,"hidden_layer_sizes=(15, 15)",0.735,0.685714286,0.508379888
324,NN,10,"hidden_layer_sizes=(15, 15)",0.733333333,0.704,0.536312849
325,NN,10,"hidden_layer_sizes=(15, 15)",0.740384615,0.6875,0.525139665
326,NN,10,"hidden_layer_sizes=(15, 15)",0.742524917,0.712230216,0.553072626
327,NN,10,"hidden_layer_sizes=(15, 15)",0.724080268,0.712765957,0.51396648
328,NN,10,"hidden_layer_sizes=(15, 15)",0.697217676,0.728624535,0.530726257
329,NN,10,"hidden_layer_sizes=(15, 15)",0.739202658,0.741007194,0.56424581
330,NN,10,"hidden_layer_sizes=(20, 20)",0.748417722,0.75,0.474860335
331,NN,10,"hidden_layer_sizes=(20, 20)",0.761363636,0.696969697,0.558659218
332,NN,10,"hidden_layer_sizes=(20, 20)",0.735818476,0.72243346,0.530726257
333,NN,10,"hidden_layer_sizes=(20, 20)",0.746341463,0.686792453,0.51396648
334,NN,10,"hidden_layer_sizes=(20, 20)",0.771517997,0.726141079,0.491620112
335,NN,10,"hidden_layer_sizes=(20, 20)",0.7278798,0.715302491,0.497206704
336,NN,10,"hidden_layer_sizes=(20, 20)",0.750392465,0.732510288,0.491620112
337,NN,10,"hidden_layer_sizes=(20, 20)",0.73693086,0.728222997,0.38547486
338,NN,10,"hidden_layer_sizes=(20, 20)",0.755,0.703571429,0.418994413
339,NN,10,"hidden_layer_sizes=(20, 20)",0.741463415,0.728301887,0.530726257
340,,,,,,
341,,,,,,
342,,,,,,
343,,,,,,
344,,,,,,
345,,,,,,
346,,,,,,
347,,,,,,
348,,,,,,
349,,,,,,
350,,,,,,
351,,,,,,
352,,,,,,
353,,,,,,
354,,,,,,
355,,,,,,
356,,,,,,
357,,,,,,
358,,,,,,
359,,,,,,
360,,,,,,
361,,,,,,
362,,,,,,
363,,,,,,
364,,,,,,
365,,,,,,
366,,,,,,
367,,,,,,
368,,,,,,
369,,,,,,
370,,,,,,
371,,,,,,
372,,,,,,
373,,,,,,
374,,,,,,
375,,,,,,
376,,,,,,
377,,,,,,
378,,,,,,
379,,,,,,
380,,,,,,
381,,,,,,
382,,,,,,
383,,,,,,
384,,,,,,
385,,,,,,
386,,,,,,
387,,,,,,
388,,,,,,
389,,,,,,
390,,,,,,
391,,,,,,
392,,,,,,
393,,,,,,
394,,,,,,
395,,,,,,
396,,,,,,
397,,,,,,
398,,,,,,
399,,,,,,
400,,,,,,
401,,,,,,
402,,,,,,
403,,,,,,
404,,,,,,
405,,,,,,
406,,,,,,
407,,,,,,
408,,,,,,
409,,,,,,
410,,,,,,
411,,,,,,
412,,,,,,
413,,,,,,
414,,,,,,
415,,,,,,
416,,,,,,
417,,,,,,
418,,,,,,
419,,,,,,
420,,,,,,
421,,,,,,
422,,,,,,
423,,,,,,
424,,,,,,
425,,,,,,
426,,,,,,
427,,,,,,
428,,,,,,
429,,,,,,
430,,,,,,
431,,,,,,
432,,,,,,
433,,,,,,
434,,,,,,
435,,,,,,
436,,,,,,
437,,,,,,
438,,,,,,
439,,,,,,
440,,,,,,
441,,,,,,
442,,,,,,
443,,,,,,
444,,,,,,
445,,,,,,
446,,,,,,
447,,,,,,
448,,,,,,
449,,,,,,
450,,,,,,
451,,,,,,
452,,,,,,
453,,,,,,
454,,,,,,
455,,,,,,
456,,,,,,
457,,,,,,
458,,,,,,
459,,,,,,
460,,,,,,
461,,,,,,
462,,,,,,
463,,,,,,
464,,,,,,
465,,,,,,
466,,,,,,
467,,,,,,
468,,,,,,
469,,,,,,
470,,,,,,
471,,,,,,
472,,,,,,
473,,,,,,
474,,,,,,
475,,,,,,
476,,,,,,
477,,,,,,
478,,,,,,
479,,,,,,
480,,,,,,
481,,,,,,
482,,,,,,
483,,,,,,
484,,,,,,
485,,,,,,
486,,,,,,
487,,,,,,
488,,,,,,
489,,,,,,
490,,,,,,
491,,,,,,
492,,,,,,
493,,,,,,
494,,,,,,
495,,,,,,
496,,,,,,
497,,,,,,
498,,,,,,
499,,,,,,
500,,,,,,
501,,,,,,
502,,,,,,
503,,,,,,
504,,,,,,
505,,,,,,
506,,,,,,
507,,,,,,
508,,,,,,
509,,,,,,
510,,,,,,
511,,,,,,
512,,,,,,
513,,,,,,
514,,,,,,
515,,,,,,
516,,,,,,
517,,,,,,
518,,,,,,
519,,,,,,
520,,,,,,
521,,,,,,
522,,,,,,
523,,,,,,
524,,,,,,
525,,,,,,
526,,,,,,
527,,,,,,
528,,,,,,
529,,,,,,
530,,,,,,
531,,,,,,
532,,,,,,
533,,,,,,
534,,,,,,
535,,,,,,
536,,,,,,
537,,,,,,
538,,,,,,
539,,,,,,
540,,,,,,
541,,,,,,
542,,,,,,
543,,,,,,
544,,,,,,
545,,,,,,
546,,,,,,
547,,,,,,
548,,,,,,
549,,,,,,
550,,,,,,
551,,,,,,
552,,,,,,
553,,,,,,
554,,,,,,
555,,,,,,
556,,,,,,
557,,,,,,
558,,,,,,
559,,,,,,
560,,,,,,
561,,,,,,
562,,,,,,
563,,,,,,
564,,,,,,
565,,,,,,
566,,,,,,
567,,,,,,
568,,,,,,
569,,,,,,
570,,,,,,
571,,,,,,
572,,,,,,
573,,,,,,
574,,,,,,
575,,,,,,
576,,,,,,
577,,,,,,
578,,,,,,
579,,,,,,
580,,,,,,
581,,,,,,
582,,,,,,
583,,,,,,
584,,,,,,
585,,,,,,
586,,,,,,
587,,,,,,
588,,,,,,
589,,,,,,
590,,,,,,
591,,,,,,
592,,,,,,
593,,,,,,
594,,,,,,
595,,,,,,
596,,,,,,
597,,,,,,
598,,,,,,
599,,,,,,
600,,,,,,
601,,,,,,
602,,,,,,
603,,,,,,
604,,,,,,
605,,,,,,
606,,,,,,
607,,,,,,
608,,,,,,
609,,,,,,
610,,,,,,
611,,,,,,
612,,,,,,
613,,,,,,
614,,,,,,
615,,,,,,
616,,,,,,
617,,,,,,
618,,,,,,
619,,,,,,
620,,,,,,
621,,,,,,
622,,,,,,
623,,,,,,
624,,,,,,
625,,,,,,
626,,,,,,
627,,,,,,
628,,,,,,
629,,,,,,
630,,,,,,
631,,,,,,
632,,,,,,
633,,,,,,
634,,,,,,
635,,,,,,
636,,,,,,
637,,,,,,
638,,,,,,
639,,,,,,
640,,,,,,
641,,,,,,
642,,,,,,
643,,,,,,
644,,,,,,
645,,,,,,
646,,,,,,
647,,,,,,
648,,,,,,
649,,,,,,
650,,,,,,
651,,,,,,
652,,,,,,
653,,,,,,
654,,,,,,
655,,,,,,
656,,,,,,
657,,,,,,
658,,,,,,
659,,,,,,
660,,,,,,
661,,,,,,
662,,,,,,
663,,,,,,
664,,,,,,
665,,,,,,
666,,,,,,
667,,,,,,
668,,,,,,
669,,,,,,
670,,,,,,
671,,,,,,
672,,,,,,
673,,,,,,
674,,,,,,
675,,,,,,
676,,,,,,
677,,,,,,
678,,,,,,
679,,,,,,
680,,,,,,
681,,,,,,
682,,,,,,
683,,,,,,
684,,,,,,
685,,,,,,
686,,,,,,
687,,,,,,
688,,,,,,
689,,,,,,
690,,,,,,
691,,,,,,
692,,,,,,
693,,,,,,
694,,,,,,
695,,,,,,
696,,,,,,
697,,,,,,
698,,,,,,
699,,,,,,
700,,,,,,
701,,,,,,
702,,,,,,
703,,,,,,
704,,,,,,
705,,,,,,
706,,,,,,
707,,,,,,
708,,,,,,
709,,,,,,
710,,,,,,
711,,,,,,
712,,,,,,
713,,,,,,
714,,,,,,
715,,,,,,
716,,,,,,
717,,,,,,
718,,,,,,
719,,,,,,
720,,,,,,
721,,,,,,
722,,,,,,
723,,,,,,
724,,,,,,
725,,,,,,
726,,,,,,
727,,,,,,
728,,,,,,
729,,,,,,
730,,,,,,
731,,,,,,
732,,,,,,
733,,,,,,
734,,,,,,
735,,,,,,
736,,,,,,
737,,,,,,
738,,,,,,
739,,,,,,
740,,,,,,
741,,,,,,
742,,,,,,
743,,,,,,
744,,,,,,
745,,,,,,
746,,,,,,
747,,,,,,
748,,,,,,
749,,,,,,
750,,,,,,
751,,,,,,
752,,,,,,
753,,,,,,
754,,,,,,
755,,,,,,
756,,,,,,
757,,,,,,
758,,,,,,
759,,,,,,
760,,,,,,
761,,,,,,
762,,,,,,
763,,,,,,
764,,,,,,
765,,,,,,
766,,,,,,
767,,,,,,
768,,,,,,
769,,,,,,
770,,,,,,
771,,,,,,
772,,,,,,
773,,,,,,
774,,,,,,
775,,,,,,
776,,,,,,
777,,,,,,
778,,,,,,
779,,,,,,
780,,,,,,
781,,,,,,
782,,,,,,
783,,,,,,
784,,,,,,
785,,,,,,
786,,,,,,
787,,,,,,
788,,,,,,
789,,,,,,
790,,,,,,
791,,,,,,
792,,,,,,
793,,,,,,
794,,,,,,
795,,,,,,
796,,,,,,
797,,,,,,
798,,,,,,
799,,,,,,
800,,,,,,
801,,,,,,
802,,,,,,
803,,,,,,
804,,,,,,
805,,,,,,
806,,,,,,
807,,,,,,
808,,,,,,
809,,,,,,
810,,,,,,
811,,,,,,
812,,,,,,
813,,,,,,
814,,,,,,
815,,,,,,
816,,,,,,
817,,,,,,
818,,,,,,
819,,,,,,
820,,,,,,
821,,,,,,
822,,,,,,
823,,,,,,
824,,,,,,
825,,,,,,
826,,,,,,
827,,,,,,
828,,,,,,
829,,,,,,
830,,,,,,
831,,,,,,
832,,,,,,
833,,,,,,
834,,,,,,
835,,,,,,
836,,,,,,
837,,,,,,
838,,,,,,
839,,,,,,
840,,,,,,
841,,,,,,
842,,,,,,
843,,,,,,
844,,,,,,
845,,,,,,
846,,,,,,
847,,,,,,
848,,,,,,
849,,,,,,
850,,,,,,
851,,,,,,
852,,,,,,
853,,,,,,
854,,,,,,
855,,,,,,
856,,,,,,
857,,,,,,
858,,,,,,
859,,,,,,
860,,,,,,
861,,,,,,
862,,,,,,
863,,,,,,
864,,,,,,
865,,,,,,
866,,,,,,
867,,,,,,
868,,,,,,
869,,,,,,
870,,,,,,
871,,,,,,
872,,,,,,
873,,,,,,
874,,,,,,
875,,,,,,
876,,,,,,
877,,,,,,
878,,,,,,
879,,,,,,
880,,,,,,
881,,,,,,
882,,,,,,
883,,,,,,
884,,,,,,
885,,,,,,
886,,,,,,
887,,,,,,
888,,,,,,
889,,,,,,
890,,,,,,
891,,,,,,
892,,,,,,
893,,,,,,
894,,,,,,
895,,,,,,
896,,,,,,
897,,,,,,
898,,,,,,
899,,,,,,
900,,,,,,
901,,,,,,
902,,,,,,
903,,,,,,
904,,,,,,
905,,,,,,
906,,,,,,
907,,,,,,
908,,,,,,
909,,,,,,
910,,,,,,
911,,,,,,
912,,,,,,
913,,,,,,
914,,,,,,
915,,,,,,
916,,,,,,
917,,,,,,
918,,,,,,
919,,,,,,
920,,,,,,
921,,,,,,
922,,,,,,
923,,,,,,
924,,,,,,
925,,,,,,
926,,,,,,
927,,,,,,
928,,,,,,
929,,,,,,
930,,,,,,
931,,,,,,
932,,,,,,
933,,,,,,
934,,,,,,
935,,,,,,
936,,,,,,
937,,,,,,
938,,,,,,
939,,,,,,
940,,,,,,
941,,,,,,
942,,,,,,
943,,,,,,
944,,,,,,
945,,,,,,
946,,,,,,
947,,,,,,
948,,,,,,
949,,,,,,
950,,,,,,
951,,,,,,
952,,,,,,
953,,,,,,
954,,,,,,
955,,,,,,
956,,,,,,
957,,,,,,
958,,,,,,
959,,,,,,
960,,,,,,
961,,,,,,
962,,,,,,
963,,,,,,
964,,,,,,
965,,,,,,
966,,,,,,
967,,,,,,
968,,,,,,
969,,,,,,
970,,,,,,
971,,,,,,
972,,,,,,
973,,,,,,
974,,,,,,
975,,,,,,
976,,,,,,
977,,,,,,
978,,,,,,
979,,,,,,
980,,,,,,
981,,,,,,
982,,,,,,
983,,,,,,
984,,,,,,
985,,,,,,
986,,,,,,
987,,,,,,
988,,,,,,
989,,,,,,
990,,,,,,
991,,,,,,
992,,,,,,
993,,,,,,
994,,,,,,
995,,,,,,
996,,,,,,
997,,,,,,
998,,,,,,
999,,,,,,
1000,,,,,,
1001,,,,,,
1002,,,,,,
1003,,,,,,
1004,,,,,,
1005,,,,,,
1006,,,,,,
1007,,,,,,
1008,,,,,,
1009,,,,,,
1010,,,,,,
1011,,,,,,
1012,,,,,,
1013,,,,,,
1014,,,,,,
1015,,,,,,
1016,,,,,,
1017,,,,,,
1018,,,,,,
1019,,,,,,
1020,,,,,,
1021,,,,,,
1022,,,,,,
1023,,,,,,
1024,,,,,,
1025,,,,,,
1026,,,,,,
1027,,,,,,
1028,,,,,,
1029,,,,,,
1030,,,,,,
1031,,,,,,
1032,,,,,,
1033,,,,,,
1034,,,,,,
1035,,,,,,
1036,,,,,,
1037,,,,,,
1038,,,,,,
1039,,,,,,
1040,,,,,,
1041,,,,,,
1042,,,,,,
1043,,,,,,
1044,,,,,,
1045,,,,,,
1046,,,,,,
1047,,,,,,
1048,,,,,,
1049,,,,,,
1050,,,,,,
1051,,,,,,
1052,,,,,,
1053,,,,,,
1054,,,,,,
1055,,,,,,
1056,,,,,,
1057,,,,,,
1058,,,,,,
1059,,,,,,
1060,,,,,,
1061,,,,,,
1062,,,,,,
1063,,,,,,
1064,,,,,,
1065,,,,,,
1066,,,,,,
1067,,,,,,
1068,,,,,,
1069,,,,,,
1070,,,,,,
1071,,,,,,
1072,,,,,,
1073,,,,,,
1074,,,,,,
1075,,,,,,
1076,,,,,,
1077,,,,,,
1078,,,,,,
1079,,,,,,
1080,,,,,,
1081,,,,,,
1082,,,,,,
1083,,,,,,
1084,,,,,,
1085,,,,,,
1086,,,,,,
1087,,,,,,
1088,,,,,,
1089,,,,,,
1090,,,,,,
1091,,,,,,
1092,,,,,,
1093,,,,,,
1094,,,,,,
1095,,,,,,
1096,,,,,,
1097,,,,,,
1098,,,,,,
1099,,,,,,
1100,,,,,,
1101,,,,,,
1102,,,,,,
1103,,,,,,
1104,,,,,,
1105,,,,,,
1106,,,,,,
1107,,,,,,
1108,,,,,,
1109,,,,,,
1110,,,,,,
1111,,,,,,
1112,,,,,,
1113,,,,,,
1114,,,,,,
1115,,,,,,
1116,,,,,,
1117,,,,,,
1118,,,,,,
1119,,,,,,
1120,,,,,,
1121,,,,,,
1122,,,,,,
1123,,,,,,
1124,,,,,,
1125,,,,,,
1126,,,,,,
1127,,,,,,
1128,,,,,,
1129,,,,,,
1130,,,,,,
1131,,,,,,
1132,,,,,,
1133,,,,,,
1134,,,,,,
1135,,,,,,
1136,,,,,,
1137,,,,,,
1138,,,,,,
1139,,,,,,
1140,,,,,,
1141,,,,,,
1142,,,,,,
1143,,,,,,
1144,,,,,,
1145,,,,,,
1146,,,,,,
1147,,,,,,
1148,,,,,,
1149,,,,,,
1150,,,,,,
1151,,,,,,
1152,,,,,,
1153,,,,,,
1154,,,,,,
1155,,,,,,
1156,,,,,,
1157,,,,,,
1158,,,,,,
1159,,,,,,
1160,,,,,,
1161,,,,,,
1162,,,,,,
1163,,,,,,
1164,,,,,,
1165,,,,,,
1166,,,,,,
1167,,,,,,
1168,,,,,,
1169,,,,,,
1170,,,,,,
1171,,,,,,
1172,,,,,,
1173,,,,,,
1174,,,,,,
1175,,,,,,
1176,,,,,,
1177,,,,,,
1178,,,,,,
1179,,,,,,
1180,,,,,,
1181,,,,,,
1182,,,,,,
1183,,,,,,
1184,,,,,,
1185,,,,,,
1186,,,,,,
1187,,,,,,
1188,,,,,,
1189,,,,,,
1190,,,,,,
1191,,,,,,
1192,,,,,,
1193,,,,,,
1194,,,,,,
1195,,,,,,
1196,,,,,,
1197,,,,,,
1198,,,,,,
1199,,,,,,
1200,,,,,,
1201,,,,,,
1202,,,,,,
1203,,,,,,
1204,,,,,,
1205,,,,,,
1206,,,,,,
1207,,,,,,
1208,,,,,,
1209,,,,,,
1210,,,,,,
1211,,,,,,
1212,,,,,,
1213,,,,,,
1214,,,,,,
1215,,,,,,
1216,,,,,,
1217,,,,,,
1218,,,,,,
1219,,,,,,
1220,,,,,,
1221,,,,,,
1222,,,,,,
1223,,,,,,
1224,,,,,,
1225,,,,,,
1226,,,,,,
1227,,,,,,
1228,,,,,,
1229,,,,,,
1230,,,,,,
1231,,,,,,
1232,,,,,,
1233,,,,,,
1234,,,,,,
1235,,,,,,
1236,,,,,,
1237,,,,,,
1238,,,,,,
1239,,,,,,
1240,,,,,,
1241,,,,,,
1242,,,,,,
1243,,,,,,
1244,,,,,,
1245,,,,,,
1246,,,,,,
1247,,,,,,
1248,,,,,,
1249,,,,,,
1250,,,,,,
1251,,,,,,
1252,,,,,,
1253,,,,,,
1254,,,,,,
1255,,,,,,
1256,,,,,,
1257,,,,,,
1258,,,,,,
1259,,,,,,
1260,,,,,,
1261,,,,,,
1262,,,,,,
1263,,,,,,
1264,,,,,,
1265,,,,,,
1266,,,,,,
1267,,,,,,
1268,,,,,,
1269,,,,,,
1270,,,,,,
1271,,,,,,
1272,,,,,,
1273,,,,,,
1274,,,,,,
1275,,,,,,
1276,,,,,,
1277,,,,,,
1278,,,,,,
1279,,,,,,
1280,,,,,,
1281,,,,,,
1282,,,,,,
1283,,,,,,
1284,,,,,,
1285,,,,,,
1286,,,,,,
1287,,,,,,
1288,,,,,,
1289,,,,,,
1290,,,,,,
1291,,,,,,
1292,,,,,,
1293,,,,,,
1294,,,,,,
1295,,,,,,
1296,,,,,,
1297,,,,,,
1298,,,,,,
1299,,,,,,
1300,,,,,,
1301,,,,,,
1302,,,,,,
1303,,,,,,
1304,,,,,,
1305,,,,,,
1306,,,,,,
1307,,,,,,
1308,,,,,,
1309,,,,,,
1310,,,,,,
1311,,,,,,
1312,,,,,,
1313,,,,,,
1314,,,,,,
1315,,,,,,
1316,,,,,,
1317,,,,,,
1318,,,,,,
1319,,,,,,
1320,,,,,,
1321,,,,,,
1322,,,,,,
1323,,,,,,
1324,,,,,,
1325,,,,,,
1326,,,,,,
1327,,,,,,
1328,,,,,,
1329,,,,,,
1330,,,,,,
1331,,,,,,
1332,,,,,,
1333,,,,,,
1334,,,,,,
1335,,,,,,
1336,,,,,,
1337,,,,,,
1338,,,,,,
1339,,,,,,
1340,,,,,,
1341,,,,,,
1342,,,,,,
1343,,,,,,
1344,,,,,,
1345,,,,,,
1346,,,,,,
1347,,,,,,
1348,,,,,,
1349,,,,,,
1350,,,,,,
1351,,,,,,
1352,,,,,,
1353,,,,,,
1354,,,,,,
1355,,,,,,
1356,,,,,,
1357,,,,,,
1358,,,,,,
1359,,,,,,
1360,,,,,,
1361,,,,,,
1362,,,,,,
1363,,,,,,
1364,,,,,,
1365,,,,,,
1366,,,,,,
1367,,,,,,
1368,,,,,,
1369,,,,,,
1370,,,,,,
1371,,,,,,
1372,,,,,,
1373,,,,,,
1374,,,,,,
1375,,,,,,
1376,,,,,,
1377,,,,,,
1378,,,,,,
1379,,,,,,
1380,,,,,,
1381,,,,,,
1382,,,,,,
1383,,,,,,
1384,,,,,,
1385,,,,,,
1386,,,,,,
1387,,,,,,
1388,,,,,,
1389,,,,,,
1390,,,,,,
1391,,,,,,
1392,,,,,,
1393,,,,,,
1394,,,,,,
1395,,,,,,
1396,,,,,,
1397,,,,,,
1398,,,,,,
1399,,,,,,
1400,,,,,,
1401,,,,,,
1402,,,,,,
1403,,,,,,
1404,,,,,,
1405,,,,,,
1406,,,,,,
1407,,,,,,
1408,,,,,,
1409,,,,,,
1410,,,,,,
1411,,,,,,
1412,,,,,,
1413,,,,,,
1414,,,,,,
1415,,,,,,
1416,,,,,,
1417,,,,,,
1418,,,,,,
1419,,,,,,
1420,,,,,,
1421,,,,,,
1422,,,,,,
1423,,,,,,
1424,,,,,,
1425,,,,,,
1426,,,,,,
1427,,,,,,
1428,,,,,,
1429,,,,,,
1430,,,,,,
1431,,,,,,
1432,,,,,,
1433,,,,,,
1434,,,,,,
1435,,,,,,
1436,,,,,,
1437,,,,,,
1438,,,,,,
1439,,,,,,
1440,,,,,,
1441,,,,,,
1442,,,,,,
1443,,,,,,
1444,,,,,,
1445,,,,,,
1446,,,,,,
1447,,,,,,
1448,,,,,,
1449,,,,,,
1450,,,,,,
1451,,,,,,
1452,,,,,,
1453,,,,,,
1454,,,,,,
1455,,,,,,
1456,,,,,,
1457,,,,,,
1458,,,,,,
1459,,,,,,
1460,,,,,,
1461,,,,,,
1462,,,,,,
1463,,,,,,
1464,,,,,,
1465,,,,,,
1466,,,,,,
1467,,,,,,
1468,,,,,,
1469,,,,,,
1470,,,,,,
1471,,,,,,
1472,,,,,,
1473,,,,,,
1474,,,,,,
1475,,,,,,
1476,,,,,,
1477,,,,,,
1478,,,,,,
1479,,,,,,
1480,,,,,,
1481,,,,,,
1482,,,,,,
1483,,,,,,
1484,,,,,,
1485,,,,,,
1486,,,,,,
1487,,,,,,
1488,,,,,,
1489,,,,,,
1490,,,,,,
1491,,,,,,
1492,,,,,,
1493,,,,,,
1494,,,,,,
1495,,,,,,
1496,,,,,,
1497,,,,,,
1498,,,,,,
1499,,,,,,
1500,,,,,,
1501,,,,,,
1502,,,,,,
1503,,,,,,
1504,,,,,,
1505,,,,,,
1506,,,,,,
1507,,,,,,
1508,,,,,,
1509,,,,,,
1510,,,,,,
1511,,,,,,
1512,,,,,,
1513,,,,,,
1514,,,,,,
1515,,,,,,
1516,,,,,,
1517,,,,,,
1518,,,,,,
1519,,,,,,
1520,,,,,,
1521,,,,,,
1522,,,,,,
1523,,,,,,
1524,,,,,,
1525,,,,,,
1526,,,,,,
1527,,,,,,
1528,,,,,,
1529,,,,,,
1530,,,,,,
1531,,,,,,
1532,,,,,,
1533,,,,,,
1534,,,,,,
1535,,,,,,
1536,,,,,,
1537,,,,,,
1538,,,,,,
1539,,,,,,
1540,,,,,,
1541,,,,,,
1542,,,,,,
1543,,,,,,
1544,,,,,,
1545,,,,,,
1546,,,,,,
1547,,,,,,
1548,,,,,,
1549,,,,,,
1550,,,,,,
1551,,,,,,
1552,,,,,,
1553,,,,,,
1554,,,,,,
1555,,,,,,
1556,,,,,,
1557,,,,,,
1558,,,,,,
1559,,,,,,
1560,,,,,,
1561,,,,,,
1562,,,,,,
1563,,,,,,
1564,,,,,,
1565,,,,,,
1566,,,,,,
1567,,,,,,
1568,,,,,,
1569,,,,,,
1570,,,,,,
1571,,,,,,
1572,,,,,,
1573,,,,,,
1574,,,,,,
1575,,,,,,
1576,,,,,,
1577,,,,,,
1578,,,,,,
1579,,,,,,
1580,,,,,,
1581,,,,,,
1582,,,,,,
1583,,,,,,
1584,,,,,,
1585,,,,,,
1586,,,,,,
1587,,,,,,
1588,,,,,,
1589,,,,,,
1590,,,,,,
1591,,,,,,
1592,,,,,,
1593,,,,,,
1594,,,,,,
1595,,,,,,
1596,,,,,,
1597,,,,,,
1598,,,,,,
1599,,,,,,
1600,,,,,,
1601,,,,,,
1602,,,,,,
1603,,,,,,
1604,,,,,,
1605,,,,,,
1606,,,,,,
1607,,,,,,
1608,,,,,,
1609,,,,,,
1610,,,,,,
1611,,,,,,
1612,,,,,,
1613,,,,,,
1614,,,,,,
1615,,,,,,
1616,,,,,,
1617,,,,,,
1618,,,,,,
1619,,,,,,
1620,,,,,,
1621,,,,,,
1622,,,,,,
1623,,,,,,
1624,,,,,,
1625,,,,,,
1626,,,,,,
1627,,,,,,
1628,,,,,,
1629,,,,,,
1630,,,,,,
1631,,,,,,
1632,,,,,,
1633,,,,,,
1634,,,,,,
1635,,,,,,
1636,,,,,,
1637,,,,,,
1638,,,,,,
1639,,,,,,
1640,,,,,,
1641,,,,,,
1642,,,,,,
1643,,,,,,
1644,,,,,,
1645,,,,,,
1646,,,,,,
1647,,,,,,
1648,,,,,,
1649,,,,,,
1650,,,,,,
1651,,,,,,
1652,,,,,,
1653,,,,,,
1654,,,,,,
1655,,,,,,
1656,,,,,,
1657,,,,,,
1658,,,,,,
1659,,,,,,
1660,,,,,,
1661,,,,,,
1662,,,,,,
1663,,,,,,
1664,,,,,,
1665,,,,,,
1666,,,,,,
1667,,,,,,
1668,,,,,,
1669,,,,,,
1670,,,,,,
1671,,,,,,
1672,,,,,,
1673,,,,,,
1674,,,,,,
1675,,,,,,
1676,,,,,,
1677,,,,,,
1678,,,,,,
1679,,,,,,
1680,,,,,,
1681,,,,,,
1682,,,,,,
1683,,,,,,
1684,,,,,,
1685,,,,,,
1686,,,,,,
1687,,,,,,
1688,,,,,,
1689,,,,,,
1690,,,,,,
1691,,,,,,
1692,,,,,,
1693,,,,,,
1694,,,,,,
1695,,,,,,
1696,,,,,,
1697,,,,,,
1698,,,,,,
1699,,,,,,
1700,,,,,,
1701,,,,,,
1702,,,,,,
1703,,,,,,
1704,,,,,,
1705,,,,,,
1706,,,,,,
1707,,,,,,
1708,,,,,,
1709,,,,,,
1710,,,,,,
1711,,,,,,
1712,,,,,,
1713,,,,,,
1714,,,,,,
1715,,,,,,
1716,,,,,,
1717,,,,,,
1718,,,,,,
1719,,,,,,
1720,,,,,,
1721,,,,,,
1722,,,,,,
1723,,,,,,
1724,,,,,,
1725,,,,,,
1726,,,,,,
1727,,,,,,
1728,,,,,,
1729,,,,,,
1730,,,,,,
1731,,,,,,
1732,,,,,,
1733,,,,,,
1734,,,,,,
1735,,,,,,
1736,,,,,,
1737,,,,,,
1738,,,,,,
1739,,,,,,
1740,,,,,,
1741,,,,,,
1742,,,,,,
1743,,,,,,
1744,,,,,,
1745,,,,,,
1746,,,,,,
1747,,,,,,
1748,,,,,,
1749,,,,,,
1750,,,,,,
1751,,,,,,
1752,,,,,,
1753,,,,,,
1754,,,,,,
1755,,,,,,
1756,,,,,,
1757,,,,,,
1758,,,,,,
1759,,,,,,
1760,,,,,,
1761,,,,,,
1762,,,,,,
1763,,,,,,
1764,,,,,,
1765,,,,,,
1766,,,,,,
1767,,,,,,
1768,,,,,,
1769,,,,,,
1770,,,,,,
1771,,,,,,
1772,,,,,,
1773,,,,,,
1774,,,,,,
1775,,,,,,
1776,,,,,,
1777,,,,,,
1778,,,,,,
1779,,,,,,
1780,,,,,,
1781,,,,,,
1782,,,,,,
1783,,,,,,
1784,,,,,,
1785,,,,,,
1786,,,,,,
1787,,,,,,
1788,,,,,,
1789,,,,,,
1790,,,,,,
1791,,,,,,
1792,,,,,,
1793,,,,,,
1794,,,,,,
1795,,,,,,
1796,,,,,,
1797,,,,,,
1798,,,,,,
1799,,,,,,
1800,,,,,,
1801,,,,,,
1802,,,,,,
1803,,,,,,
1804,,,,,,
1805,,,,,,
1806,,,,,,
1807,,,,,,
1808,,,,,,
1809,,,,,,
1810,,,,,,
1811,,,,,,
1812,,,,,,
1813,,,,,,
1814,,,,,,
1815,,,,,,
1816,,,,,,
1817,,,,,,
1818,,,,,,
1819,,,,,,
1820,,,,,,
1821,,,,,,
1822,,,,,,
1823,,,,,,
1824,,,,,,
1825,,,,,,
1826,,,,,,
1827,,,,,,
1828,,,,,,
1829,,,,,,
1830,,,,,,
1831,,,,,,
1832,,,,,,
1833,,,,,,
1834,,,,,,
1835,,,,,,
1836,,,,,,
1837,,,,,,
1838,,,,,,
1839,,,,,,
1840,,,,,,
1841,,,,,,
1842,,,,,,
1843,,,,,,
1844,,,,,,
1845,,,,,,
1846,,,,,,
1847,,,,,,
1848,,,,,,
1849,,,,,,
1850,,,,,,
1851,,,,,,
1852,,,,,,
1853,,,,,,
1854,,,,,,
1855,,,,,,
1856,,,,,,
1857,,,,,,
1858,,,,,,
1859,,,,,,
1860,,,,,,
1861,,,,,,
1862,,,,,,
1863,,,,,,
1864,,,,,,
1865,,,,,,
1866,,,,,,
1867,,,,,,
1868,,,,,,
1869,,,,,,
1870,,,,,,
1871,,,,,,
1872,,,,,,
1873,,,,,,
1874,,,,,,
1875,,,,,,
1876,,,,,,
1877,,,,,,
1878,,,,,,
1879,,,,,,
1880,,,,,,
1881,,,,,,
1882,,,,,,
1883,,,,,,
1884,,,,,,
1885,,,,,,
1886,,,,,,
1887,,,,,,
1888,,,,,,
1889,,,,,,
1890,,,,,,
1891,,,,,,
1892,,,,,,
1893,,,,,,
1894,,,,,,
1895,,,,,,
1896,,,,,,
1897,,,,,,
1898,,,,,,
1899,,,,,,
1900,,,,,,
1901,,,,,,
1902,,,,,,
1903,,,,,,
1904,,,,,,
1905,,,,,,
1906,,,,,,
1907,,,,,,
1908,,,,,,
1909,,,,,,
1910,,,,,,
1911,,,,,,
1912,,,,,,
1913,,,,,,
1914,,,,,,
1915,,,,,,
1916,,,,,,
1917,,,,,,
1918,,,,,,
1919,,,,,,
1920,,,,,,
1921,,,,,,
1922,,,,,,
1923,,,,,,
1924,,,,,,
1925,,,,,,
1926,,,,,,
1927,,,,,,
1928,,,,,,
1929,,,,,,
1930,,,,,,
1931,,,,,,
1932,,,,,,
1933,,,,,,
1934,,,,,,
1935,,,,,,
1936,,,,,,
1937,,,,,,
1938,,,,,,
1939,,,,,,
1940,,,,,,
1941,,,,,,
1942,,,,,,
1943,,,,,,
1944,,,,,,
1945,,,,,,
1946,,,,,,
1947,,,,,,
1948,,,,,,
1949,,,,,,
1950,,,,,,
1951,,,,,,
1952,,,,,,
1953,,,,,,
1954,,,,,,
1955,,,,,,
1956,,,,,,
1957,,,,,,
1958,,,,,,
1959,,,,,,
1960,,,,,,
1961,,,,,,
1962,,,,,,
1963,,,,,,
1964,,,,,,
1965,,,,,,
1966,,,,,,
1967,,,,,,
1968,,,,,,
1969,,,,,,
1970,,,,,,
1971,,,,,,
1972,,,,,,
1973,,,,,,
1974,,,,,,
1975,,,,,,
1976,,,,,,
1977,,,,,,
1978,,,,,,
1979,,,,,,
1980,,,,,,
1981,,,,,,
1982,,,,,,
1983,,,,,,
1984,,,,,,
1985,,,,,,
1986,,,,,,
1987,,,,,,
1988,,,,,,
1989,,,,,,
1990,,,,,,
1991,,,,,,
1992,,,,,,
1993,,,,,,
1994,,,,,,
1995,,,,,,
1996,,,,,,
1997,,,,,,
1998,,,,,,
1999,,,,,,
2000,,,,,,
2001,,,,,,
2002,,,,,,
2003,,,,,,
2004,,,,,,
2005,,,,,,
2006,,,,,,
2007,,,,,,
2008,,,,,,
2009,,,,,,
2010,,,,,,
2011,,,,,,
2012,,,,,,
2013,,,,,,
2014,,,,,,
2015,,,,,,
2016,,,,,,
2017,,,,,,
2018,,,,,,
2019,,,,,,
2020,,,,,,
2021,,,,,,
2022,,,,,,
2023,,,,,,
2024,,,,,,
2025,,,,,,
2026,,,,,,
2027,,,,,,
2028,,,,,,
2029,,,,,,
2030,,,,,,
2031,,,,,,
2032,,,,,,
2033,,,,,,
2034,,,,,,
2035,,,,,,
2036,,,,,,
2037,,,,,,
2038,,,,,,
2039,,,,,,
2040,,,,,,
2041,,,,,,
2042,,,,,,
2043,,,,,,
2044,,,,,,
2045,,,,,,
2046,,,,,,
2047,,,,,,
2048,,,,,,
2049,,,,,,
2050,,,,,,
2051,,,,,,
2052,,,,,,
2053,,,,,,
2054,,,,,,
2055,,,,,,
2056,,,,,,
2057,,,,,,
2058,,,,,,
2059,,,,,,
2060,,,,,,
2061,,,,,,
2062,,,,,,
2063,,,,,,
2064,,,,,,
2065,,,,,,
2066,,,,,,
2067,,,,,,
2068,,,,,,
2069,,,,,,
2070,,,,,,
2071,,,,,,
2072,,,,,,
2073,,,,,,
2074,,,,,,
2075,,,,,,
2076,,,,,,
2077,,,,,,
2078,,,,,,
2079,,,,,,
2080,,,,,,
2081,,,,,,
2082,,,,,,
2083,,,,,,
2084,,,,,,
2085,,,,,,
2086,,,,,,
2087,,,,,,
2088,,,,,,
2089,,,,,,
2090,,,,,,
2091,,,,,,
2092,,,,,,
2093,,,,,,
2094,,,,,,
2095,,,,,,
2096,,,,,,
2097,,,,,,
2098,,,,,,
2099,,,,,,
2100,,,,,,
2101,,,,,,
2102,,,,,,
2103,,,,,,
2104,,,,,,
2105,,,,,,
2106,,,,,,
2107,,,,,,
2108,,,,,,
2109,,,,,,
2110,,,,,,
2111,,,,,,
2112,,,,,,
2113,,,,,,
2114,,,,,,
2115,,,,,,
2116,,,,,,
2117,,,,,,
2118,,,,,,
2119,,,,,,
2120,,,,,,
2121,,,,,,
2122,,,,,,
2123,,,,,,
2124,,,,,,
2125,,,,,,
2126,,,,,,
2127,,,,,,
2128,,,,,,
2129,,,,,,
2130,,,,,,
2131,,,,,,
2132,,,,,,
2133,,,,,,
2134,,,,,,
2135,,,,,,
2136,,,,,,
2137,,,,,,
2138,,,,,,
2139,,,,,,
2140,,,,,,
2141,,,,,,
2142,,,,,,
2143,,,,,,
2144,,,,,,
2145,,,,,,
2146,,,,,,
2147,,,,,,
2148,,,,,,
2149,,,,,,
2150,,,,,,
2151,,,,,,
2152,,,,,,
2153,,,,,,
2154,,,,,,
2155,,,,,,
2156,,,,,,
2157,,,,,,
2158,,,,,,
2159,,,,,,
2160,,,,,,
2161,,,,,,
2162,,,,,,
2163,,,,,,
2164,,,,,,
2165,,,,,,
2166,,,,,,
2167,,,,,,
2168,,,,,,
2169,,,,,,
2170,,,,,,
2171,,,,,,
2172,,,,,,
2173,,,,,,
2174,,,,,,
2175,,,,,,
2176,,,,,,
2177,,,,,,
2178,,,,,,
2179,,,,,,
2180,,,,,,
2181,,,,,,
2182,,,,,,
2183,,,,,,
2184,,,,,,
2185,,,,,,
2186,,,,,,
2187,,,,,,
2188,,,,,,
2189,,,,,,
2190,,,,,,
2191,,,,,,
2192,,,,,,
2193,,,,,,
2194,,,,,,
2195,,,,,,
2196,,,,,,
2197,,,,,,
2198,,,,,,
2199,,,,,,
2200,,,,,,
2201,,,,,,
2202,,,,,,
2203,,,,,,
2204,,,,,,
2205,,,,,,
2206,,,,,,
2207,,,,,,
2208,,,,,,
2209,,,,,,
2210,,,,,,
2211,,,,,,
2212,,,,,,
2213,,,,,,
2214,,,,,,
2215,,,,,,
2216,,,,,,
2217,,,,,,
2218,,,,,,
2219,,,,,,
2220,,,,,,
2221,,,,,,
2222,,,,,,
2223,,,,,,
2224,,,,,,
2225,,,,,,
2226,,,,,,
2227,,,,,,
2228,,,,,,
2229,,,,,,
2230,,,,,,
2231,,,,,,
2232,,,,,,
2233,,,,,,
2234,,,,,,
2235,,,,,,
2236,,,,,,
2237,,,,,,
2238,,,,,,
2239,,,,,,
2240,,,,,,
2241,,,,,,
2242,,,,,,
2243,,,,,,
2244,,,,,,
2245,,,,,,
2246,,,,,,
2247,,,,,,
2248,,,,,,
2249,,,,,,
2250,,,,,,
2251,,,,,,
2252,,,,,,
2253,,,,,,
2254,,,,,,
2255,,,,,,
2256,,,,,,
2257,,,,,,
2258,,,,,,
2259,,,,,,
2260,,,,,,
2261,,,,,,
2262,,,,,,
2263,,,,,,
2264,,,,,,
2265,,,,,,
2266,,,,,,
2267,,,,,,
2268,,,,,,
2269,,,,,,
2270,,,,,,
2271,,,,,,
2272,,,,,,
2273,,,,,,
2274,,,,,,
2275,,,,,,
2276,,,,,,
2277,,,,,,
2278,,,,,,
2279,,,,,,
2280,,,,,,
2281,,,,,,
2282,,,,,,
2283,,,,,,
2284,,,,,,
2285,,,,,,
2286,,,,,,
2287,,,,,,
2288,,,,,,
2289,,,,,,
2290,,,,,,
2291,,,,,,
2292,,,,,,
2293,,,,,,
2294,,,,,,
2295,,,,,,
2296,,,,,,
2297,,,,,,
2298,,,,,,
2299,,,,,,
2300,,,,,,
2301,,,,,,
2302,,,,,,
2303,,,,,,
2304,,,,,,
2305,,,,,,
2306,,,,,,
2307,,,,,,
2308,,,,,,
2309,,,,,,
2310,,,,,,
2311,,,,,,
2312,,,,,,
2313,,,,,,
2314,,,,,,
2315,,,,,,
2316,,,,,,
2317,,,,,,
2318,,,,,,
2319,,,,,,
2320,,,,,,
2321,,,,,,
2322,,,,,,
2323,,,,,,
2324,,,,,,
2325,,,,,,
2326,,,,,,
2327,,,,,,
2328,,,,,,
2329,,,,,,
2330,,,,,,
2331,,,,,,
2332,,,,,,
2333,,,,,,
2334,,,,,,
2335,,,,,,
2336,,,,,,
2337,,,,,,
2338,,,,,,
2339,,,,,,
2340,,,,,,
2341,,,,,,
2342,,,,,,
2343,,,,,,
2344,,,,,,
2345,,,,,,
2346,,,,,,
2347,,,,,,
2348,,,,,,
2349,,,,,,
2350,,,,,,
2351,,,,,,
2352,,,,,,
2353,,,,,,
2354,,,,,,
2355,,,,,,
2356,,,,,,
2357,,,,,,
2358,,,,,,
2359,,,,,,
2360,,,,,,
2361,,,,,,
2362,,,,,,
2363,,,,,,
2364,,,,,,
2365,,,,,,
2366,,,,,,
2367,,,,,,
2368,,,,,,
2369,,,,,,
2370,,,,,,
2371,,,,,,
2372,,,,,,
2373,,,,,,
2374,,,,,,
2375,,,,,,
2376,,,,,,
2377,,,,,,
2378,,,,,,
2379,,,,,,
2380,,,,,,
2381,,,,,,
2382,,,,,,
2383,,,,,,
2384,,,,,,
2385,,,,,,
2386,,,,,,
2387,,,,,,
2388,,,,,,
2389,,,,,,
2390,,,,,,
2391,,,,,,
2392,,,,,,
2393,,,,,,
2394,,,,,,
2395,,,,,,
2396,,,,,,
2397,,,,,,
2398,,,,,,
2399,,,,,,
2400,,,,,,
2401,,,,,,
2402,,,,,,
2403,,,,,,
2404,,,,,,
2405,,,,,,
2406,,,,,,
2407,,,,,,
2408,,,,,,
2409,,,,,,
2410,,,,,,
2411,,,,,,
2412,,,,,,
2413,,,,,,
2414,,,,,,
2415,,,,,,
2416,,,,,,
2417,,,,,,
2418,,,,,,
2419,,,,,,
2420,,,,,,
2421,,,,,,
2422,,,,,,
2423,,,,,,
2424,,,,,,
2425,,,,,,
2426,,,,,,
2427,,,,,,
2428,,,,,,
2429,,,,,,
2430,,,,,,
2431,,,,,,
2432,,,,,,
2433,,,,,,
2434,,,,,,
2435,,,,,,
2436,,,,,,
2437,,,,,,
2438,,,,,,
2439,,,,,,
2440,,,,,,
2441,,,,,,
2442,,,,,,
2443,,,,,,
2444,,,,,,
2445,,,,,,
2446,,,,,,
2447,,,,,,
2448,,,,,,
2449,,,,,,
2450,,,,,,
2451,,,,,,
2452,,,,,,
2453,,,,,,
2454,,,,,,
2455,,,,,,
2456,,,,,,
2457,,,,,,
2458,,,,,,
2459,,,,,,
2460,,,,,,
2461,,,,,,
2462,,,,,,
2463,,,,,,
2464,,,,,,
2465,,,,,,
2466,,,,,,
2467,,,,,,
2468,,,,,,
2469,,,,,,
2470,,,,,,
2471,,,,,,
2472,,,,,,
2473,,,,,,
2474,,,,,,
2475,,,,,,
2476,,,,,,
2477,,,,,,
2478,,,,,,
2479,,,,,,
2480,,,,,,
2481,,,,,,
2482,,,,,,
2483,,,,,,
2484,,,,,,
2485,,,,,,
2486,,,,,,
2487,,,,,,
2488,,,,,,
2489,,,,,,
2490,,,,,,
2491,,,,,,
2492,,,,,,
2493,,,,,,
2494,,,,,,
2495,,,,,,
2496,,,,,,
2497,,,,,,
2498,,,,,,
2499,,,,,,
2500,,,,,,
2501,,,,,,
2502,,,,,,
2503,,,,,,
2504,,,,,,
2505,,,,,,
2506,,,,,,
2507,,,,,,
2508,,,,,,
2509,,,,,,
2510,,,,,,
2511,,,,,,
2512,,,,,,
2513,,,,,,
2514,,,,,,
2515,,,,,,
2516,,,,,,
2517,,,,,,
2518,,,,,,
2519,,,,,,
2520,,,,,,
2521,,,,,,
2522,,,,,,
2523,,,,,,
2524,,,,,,
2525,,,,,,
2526,,,,,,
2527,,,,,,
2528,,,,,,
2529,,,,,,
2530,,,,,,
2531,,,,,,
2532,,,,,,
2533,,,,,,
2534,,,,,,
2535,,,,,,
2536,,,,,,
2537,,,,,,
2538,,,,,,
2539,,,,,,
2540,,,,,,
2541,,,,,,
2542,,,,,,
2543,,,,,,
2544,,,,,,
2545,,,,,,
2546,,,,,,
2547,,,,,,
2548,,,,,,
2549,,,,,,
2550,,,,,,
2551,,,,,,
2552,,,,,,
2553,,,,,,
2554,,,,,,
2555,,,,,,
2556,,,,,,
2557,,,,,,
2558,,,,,,
2559,,,,,,
2560,,,,,,
2561,,,,,,
2562,,,,,,
2563,,,,,,
2564,,,,,,
2565,,,,,,
2566,,,,,,
2567,,,,,,
2568,,,,,,
2569,,,,,,
2570,,,,,,
2571,,,,,,
2572,,,,,,
2573,,,,,,
2574,,,,,,
2575,,,,,,
2576,,,,,,
2577,,,,,,
2578,,,,,,
2579,,,,,,
2580,,,,,,
2581,,,,,,
2582,,,,,,
2583,,,,,,
2584,,,,,,
2585,,,,,,
2586,,,,,,
2587,,,,,,
2588,,,,,,
2589,,,,,,
2590,,,,,,
2591,,,,,,
2592,,,,,,
2593,,,,,,
2594,,,,,,
2595,,,,,,
2596,,,,,,
2597,,,,,,
2598,,,,,,
2599,,,,,,
2600,,,,,,
2601,,,,,,
2602,,,,,,
2603,,,,,,
2604,,,,,,
2605,,,,,,
2606,,,,,,
2607,,,,,,
2608,,,,,,
2609,,,,,,
2610,,,,,,
2611,,,,,,
2612,,,,,,
2613,,,,,,
2614,,,,,,
2615,,,,,,
2616,,,,,,
2617,,,,,,
2618,,,,,,
2619,,,,,,
2620,,,,,,
2621,,,,,,
2622,,,,,,
2623,,,,,,
2624,,,,,,
2625,,,,,,
2626,,,,,,
2627,,,,,,
2628,,,,,,
2629,,,,,,
2630,,,,,,
2631,,,,,,
2632,,,,,,
2633,,,,,,
2634,,,,,,
2635,,,,,,
2636,,,,,,
2637,,,,,,
2638,,,,,,
2639,,,,,,
2640,,,,,,
2641,,,,,,
2642,,,,,,
2643,,,,,,
2644,,,,,,
2645,,,,,,
2646,,,,,,
2647,,,,,,
2648,,,,,,
2649,,,,,,
2650,,,,,,
2651,,,,,,
2652,,,,,,
2653,,,,,,
2654,,,,,,
2655,,,,,,
2656,,,,,,
2657,,,,,,
2658,,,,,,
2659,,,,,,
2660,,,,,,
2661,,,,,,
2662,,,,,,
2663,,,,,,
2664,,,,,,
2665,,,,,,
2666,,,,,,
2667,,,,,,
2668,,,,,,
2669,,,,,,
2670,,,,,,
2671,,,,,,
2672,,,,,,
2673,,,,,,
2674,,,,,,
2675,,,,,,
2676,,,,,,
2677,,,,,,
2678,,,,,,
2679,,,,,,
2680,,,,,,
2681,,,,,,
2682,,,,,,
2683,,,,,,
2684,,,,,,
2685,,,,,,
2686,,,,,,
2687,,,,,,
2688,,,,,,
2689,,,,,,
2690,,,,,,
2691,,,,,,
2692,,,,,,
2693,,,,,,
2694,,,,,,
2695,,,,,,
2696,,,,,,
2697,,,,,,
2698,,,,,,
2699,,,,,,
2700,,,,,,
2701,,,,,,
2702,,,,,,
2703,,,,,,
2704,,,,,,
2705,,,,,,
2706,,,,,,
2707,,,,,,
2708,,,,,,
2709,,,,,,
2710,,,,,,
2711,,,,,,
2712,,,,,,
2713,,,,,,
2714,,,,,,
2715,,,,,,
2716,,,,,,
2717,,,,,,
2718,,,,,,
2719,,,,,,
2720,,,,,,
2721,,,,,,
2722,,,,,,
2723,,,,,,
2724,,,,,,
2725,,,,,,
2726,,,,,,
2727,,,,,,
2728,,,,,,
2729,,,,,,
2730,,,,,,
2731,,,,,,
2732,,,,,,
2733,,,,,,
2734,,,,,,
2735,,,,,,
2736,,,,,,
2737,,,,,,
2738,,,,,,
2739,,,,,,
2740,,,,,,
2741,,,,,,
2742,,,,,,
2743,,,,,,
2744,,,,,,
2745,,,,,,
2746,,,,,,
2747,,,,,,
2748,,,,,,
2749,,,,,,
2750,,,,,,
2751,,,,,,
2752,,,,,,
2753,,,,,,
2754,,,,,,
2755,,,,,,
2756,,,,,,
2757,,,,,,
2758,,,,,,
2759,,,,,,
2760,,,,,,
2761,,,,,,
2762,,,,,,
2763,,,,,,
2764,,,,,,
2765,,,,,,
2766,,,,,,
2767,,,,,,
2768,,,,,,
2769,,,,,,
2770,,,,,,
2771,,,,,,
2772,,,,,,
2773,,,,,,
2774,,,,,,
2775,,,,,,
2776,,,,,,
2777,,,,,,
2778,,,,,,
2779,,,,,,
2780,,,,,,
2781,,,,,,
2782,,,,,,
2783,,,,,,
2784,,,,,,
2785,,,,,,
2786,,,,,,
2787,,,,,,
2788,,,,,,
2789,,,,,,
2790,,,,,,
2791,,,,,,
2792,,,,,,
2793,,,,,,
2794,,,,,,
2795,,,,,,
2796,,,,,,
2797,,,,,,
2798,,,,,,
2799,,,,,,
2800,,,,,,
2801,,,,,,
2802,,,,,,
2803,,,,,,
2804,,,,,,
2805,,,,,,
2806,,,,,,
2807,,,,,,
2808,,,,,,
2809,,,,,,
2810,,,,,,
2811,,,,,,
2812,,,,,,
2813,,,,,,
2814,,,,,,
2815,,,,,,
2816,,,,,,
2817,,,,,,
2818,,,,,,
2819,,,,,,
2820,,,,,,
2821,,,,,,
2822,,,,,,
2823,,,,,,
2824,,,,,,
2825,,,,,,
2826,,,,,,
2827,,,,,,
2828,,,,,,
2829,,,,,,
2830,,,,,,
2831,,,,,,
2832,,,,,,
2833,,,,,,
2834,,,,,,
2835,,,,,,
2836,,,,,,
2837,,,,,,
2838,,,,,,
2839,,,,,,
2840,,,,,,
2841,,,,,,
2842,,,,,,
2843,,,,,,
2844,,,,,,
2845,,,,,,
2846,,,,,,
2847,,,,,,
2848,,,,,,
2849,,,,,,
2850,,,,,,
2851,,,,,,
2852,,,,,,
2853,,,,,,
2854,,,,,,
2855,,,,,,
2856,,,,,,
2857,,,,,,
2858,,,,,,
2859,,,,,,
2860,,,,,,
2861,,,,,,
2862,,,,,,
2863,,,,,,
2864,,,,,,
2865,,,,,,
2866,,,,,,
2867,,,,,,
2868,,,,,,
2869,,,,,,
2870,,,,,,
2871,,,,,,
2872,,,,,,
2873,,,,,,
2874,,,,,,
2875,,,,,,
2876,,,,,,
2877,,,,,,
2878,,,,,,
2879,,,,,,
2880,,,,,,
2881,,,,,,
2882,,,,,,
2883,,,,,,
2884,,,,,,
2885,,,,,,
2886,,,,,,
2887,,,,,,
2888,,,,,,
2889,,,,,,
2890,,,,,,
2891,,,,,,
2892,,,,,,
2893,,,,,,
2894,,,,,,
2895,,,,,,
2896,,,,,,
2897,,,,,,
2898,,,,,,
2899,,,,,,
2900,,,,,,
2901,,,,,,
2902,,,,,,
2903,,,,,,
2904,,,,,,
2905,,,,,,
2906,,,,,,
2907,,,,,,
2908,,,,,,
2909,,,,,,
2910,,,,,,
2911,,,,,,
2912,,,,,,
2913,,,,,,
2914,,,,,,
2915,,,,,,
2916,,,,,,
2917,,,,,,
2918,,,,,,
2919,,,,,,
2920,,,,,,
2921,,,,,,
2922,,,,,,
2923,,,,,,
2924,,,,,,
2925,,,,,,
2926,,,,,,
2927,,,,,,
2928,,,,,,
2929,,,,,,
2930,,,,,,
2931,,,,,,
2932,,,,,,
2933,,,,,,
2934,,,,,,
2935,,,,,,
2936,,,,,,
2937,,,,,,
2938,,,,,,
2939,,,,,,
2940,,,,,,
2941,,,,,,
2942,,,,,,
2943,,,,,,
2944,,,,,,
2945,,,,,,
2946,,,,,,
2947,,,,,,
2948,,,,,,
2949,,,,,,
2950,,,,,,
2951,,,,,,
2952,,,,,,
2953,,,,,,
2954,,,,,,
2955,,,,,,
2956,,,,,,
2957,,,,,,
2958,,,,,,
2959,,,,,,
2960,,,,,,
2961,,,,,,
2962,,,,,,
2963,,,,,,
2964,,,,,,
2965,,,,,,
2966,,,,,,
2967,,,,,,
2968,,,,,,
2969,,,,,,
2970,,,,,,
2971,,,,,,
2972,,,,,,
2973,,,,,,
2974,,,,,,
2975,,,,,,
2976,,,,,,
2977,,,,,,
2978,,,,,,
2979,,,,,,
2980,,,,,,
2981,,,,,,
2982,,,,,,
2983,,,,,,
2984,,,,,,
2985,,,,,,
2986,,,,,,
2987,,,,,,
2988,,,,,,
2989,,,,,,
2990,,,,,,
2991,,,,,,
2992,,,,,,
2993,,,,,,
2994,,,,,,
2995,,,,,,
2996,,,,,,
2997,,,,,,
2998,,,,,,
2999,,,,,,
